<?xml version='1.0' encoding='UTF-8'?>
<!DOCTYPE bookinfo PUBLIC "-//OASIS//DTD DocBook XML V4.5//EN" "http://www.oasis-open.org/docbook/xml/4.5/docbookx.dtd" [
<!ENTITY % common_entities SYSTEM "common.ent" >
%common_entities;
]>
<!--UPDATED March 6, 2015: Including the new <invpartnumber> and <pubdate> tags changes the behavior of the file: <invpartnumber> causes <invpartnumber> to be the SKU, <title> to be the written course title, and <subtitle> to change on the cover page.
The <pubsnumber> which we've been using for the publication date is now used for the SVN number.
The xi:include magic in the Book_Info.xml is used to include a file which flamel automatically updates with the number, but any number can be manually hard coded.
If you render a course without the new tags, everything is rendered as before.-->
<!--@brand redhat-training-xsl-->
<bookinfo>
  <!--New tag for course number-->
  <invpartnumber>AD221</invpartnumber>
  <!--New tag for course title-->
  <title>Cloud-native Integration with Red Hat Fuse</title>
  <!--Renders correct subtitle based on flamel for ilt or ROLE-->
  <subtitle>Student Workbook</subtitle>
  <productname>Red Hat Fuse</productname>
  <productnumber>7.10</productnumber>
  <edition>4</edition>
  <!--This date used to be in pubsnumber-->
  <pubdate>20220811</pubdate>
  <!--During development, this should be uncommented.-->
  <!--<pubsnumber><xi:include xmlns:xi="http://www.w3.org/2001/XInclude" href="pubsnum.xml" xpointer="xpointer(//pubsnumber/node())"/></pubsnumber>-->
  <pubsnumber>20220811</pubsnumber>
  <!-- Everything below is the same as before. -->
  <authorgroup>
    <author>
      <firstname>Aykut</firstname>
      <surname>Bulgu</surname>
    </author>
    <author>
      <firstname>Eduardo</firstname>
      <surname>Ramírez Ronco</surname>
    </author>
    <author>
      <firstname>Jaime</firstname>
      <surname>Ramírez Castillo</surname>
    </author>
    <author>
      <firstname>Pablo</firstname>
      <surname>Solar Vilariño</surname>
    </author>
    <author>
      <firstname>Randy</firstname>
      <surname>Thomas</surname>
    </author>
  <othercredit class="other">
    <firstname>Zachary</firstname>
    <surname>Gutterman</surname>
    <contrib>Course Architect</contrib>
  </othercredit>
  <othercredit class="other">
      <firstname>Richard</firstname>
      <surname>Allred</surname>
    <contrib>DevOps Engineer</contrib>
  </othercredit>
    <editor>
      <firstname>Sam</firstname>
      <surname>Ffrench</surname>
    </editor>
  </authorgroup>
  <abstract>
    <para>
      Contributors: Heider Souza, Ted Singdahlsen
    </para>
  </abstract>
  <xi:include xmlns:xi="http://www.w3.org/2001/XInclude" href="Common_Content/Legal_Notice.xml"/>
</bookinfo>
