<?xml version='1.0' encoding='UTF-8'?>
<!DOCTYPE chapter PUBLIC "-//OASIS//DTD DocBook XML V4.5//EN" "http://www.oasis-open.org/docbook/xml/4.5/docbookx.dtd" [
<!ENTITY % common_entities SYSTEM "../common.ent">
%common_entities;
]>
<!-- Chapters should have an id that is a short version of the title. -->
<chapter id="pattern">
  <title>Implementing Enterprise Integration Patterns</title>
  <abstract>
    <para>
      <informaltable frame="all">
        <tgroup cols="2">
          <colspec colname="c1" colnum="1" colwidth="1.0*"/>
          <colspec colname="c2" colnum="2" colwidth="2.2*"/>
          <tbody>
            <row>
              <entry>
                <emphasis role="bold">Goal</emphasis>
              </entry>
              <entry>
                Implement enterprise integration patterns using Camel components.
              </entry>
            </row>
            <row>
              <entry>
                <emphasis role="bold">Objectives</emphasis>
              </entry>
              <entry>
                <!-- List Chapter Objectives -->
                <!-- If only one objective, remove the <itemizedlist> -->
                <itemizedlist>
                  <listitem>
                    <para>
                      Invoke data transformation automatically and explicitly by using a variety of different techniques, and develop a route that filters messages.
                    </para>
                  </listitem>
                  <listitem>
                    <para>
                      Create custom type converters, to convert the message payloads into custom object types.
                    </para>
                  </listitem>
                  <listitem>
                    <para>
                      Use the Splitter pattern to break a message into a series of individual messages, and merge multiple messages by using the Aggregator pattern.
                    </para>
                  </listitem>
                </itemizedlist>
              </entry>
            </row>
            <row>
              <entry>
                <emphasis role="bold">Sections</emphasis>
              </entry>
              <entry>
                <!-- Enter lecture section titles here. Do not list practice titles. Should be a 1-1 match with performance objectives. -->
                <!-- If only one section, remove the <itemizedlist> -->
                <itemizedlist>
                  <listitem>
                    <para>
                      Transforming and Filtering Messages (and Guided Exercise)
                    </para>
                  </listitem>
                  <listitem>
                    <para>
                      Transforming Messages with Custom Type Converters (and Guided Exercise)
                    </para>
                  </listitem>
                  <listitem>
                    <para>
                      Splitting and Aggregating Messages (and Guided Exercise)
                    </para>
                  </listitem>
                  <listitem>
                    <para>
                      Implementing Enterprise Integration Patterns (Quiz)
                    </para>
                  </listitem>
                </itemizedlist>
              </entry>
            </row>
          </tbody>
        </tgroup>
      </informaltable>
    </para>
  </abstract>
  <!-- Include section content from the topics directory. -->
  <xi:include xmlns:xi="http://www.w3.org/2001/XInclude" href="topics/pattern/filter-lecture.xml"/>
  <xi:include xmlns:xi="http://www.w3.org/2001/XInclude" href="topics/pattern/filter-ge.xml"/>
  <xi:include xmlns:xi="http://www.w3.org/2001/XInclude" href="topics/pattern/converter-lecture.xml"/>
  <xi:include xmlns:xi="http://www.w3.org/2001/XInclude" href="topics/pattern/converter-ge.xml"/>
  <xi:include xmlns:xi="http://www.w3.org/2001/XInclude" href="topics/pattern/combine-lecture.xml"/>
  <xi:include xmlns:xi="http://www.w3.org/2001/XInclude" href="topics/pattern/combine-ge.xml"/>
  <xi:include xmlns:xi="http://www.w3.org/2001/XInclude" href="topics/pattern/implementation-mc.xml"/>

  <section id="pattern-summary">
    <title>Summary</title>

    <xi:include xmlns:xi="http://www.w3.org/2001/XInclude" href="topics/pattern/summary-content.xml" xpointer="xpointer(/section/node()[not(self::title)])">
      <!--<xi:fallback>
          
            
            
            
          <note>
            <para>
              This section is under development.
            </para>
          </note>
      </xi:fallback>-->
    </xi:include>
  </section>
</chapter>
