<?xml version='1.0' encoding='UTF-8'?>
<!DOCTYPE chapter PUBLIC "-//OASIS//DTD DocBook XML V4.5//EN" "http://www.oasis-open.org/docbook/xml/4.5/docbookx.dtd" [
<!ENTITY % common_entities SYSTEM "../common.ent">
%common_entities;
]>
<!-- Chapters should have an id that is a short version of the title. -->
<chapter id="async">
  <title>Integrating Services using Asynchronous Messaging</title>
  <abstract>
    <para>
      <informaltable frame="all">
        <tgroup cols="2">
          <colspec colname="c1" colnum="1" colwidth="1.0*"/>
          <colspec colname="c2" colnum="2" colwidth="2.2*"/>
          <tbody>
            <row>
              <entry>
                <emphasis role="bold">Goal</emphasis>
              </entry>
              <entry>
                Integrate services using Apache Kafka and JMS.
              </entry>
            </row>
            <row>
              <entry>
                <emphasis role="bold">Objectives</emphasis>
              </entry>
              <entry>
                <!-- List Chapter Objectives -->
                <!-- If only one objective, remove the <itemizedlist> -->
                <itemizedlist>
                  <listitem>
                    <para>
                      Create routes that use the JMS and AMQP components to receive and send asynchronous messages.
                    </para>
                  </listitem>
                  <listitem>
                    <para>
                      Create routes that use the Kafka component to send and receive durable asynchronous messages.
                    </para>
                  </listitem>
                </itemizedlist>
              </entry>
            </row>
            <row>
              <entry>
                <emphasis role="bold">Sections</emphasis>
              </entry>
              <entry>
                <!-- Enter lecture section titles here. Do not list practice titles. Should be a 1-1 match with performance objectives. -->
                <!-- If only one section, remove the <itemizedlist> -->
                <itemizedlist>
                  <listitem>
                    <para>
                      Integrating Services Using JMS (and Guided Exercise)
                    </para>
                  </listitem>
                  <listitem>
                    <para>
                      Integrating Camel with Kafka (and Guided Exercise)
                    </para>
                  </listitem>
                  <listitem>
                    <para>
                      Integrating Services Using Asynchronous Messaging (Quiz)
                    </para>
                  </listitem>
                </itemizedlist>
              </entry>
            </row>
          </tbody>
        </tgroup>
      </informaltable>
    </para>
  </abstract>
  <!-- Include section content from the topics directory. -->
  <xi:include xmlns:xi="http://www.w3.org/2001/XInclude" href="topics/async/jms-lecture.xml"/>
  <xi:include xmlns:xi="http://www.w3.org/2001/XInclude" href="topics/async/jms-ge.xml"/>
  <xi:include xmlns:xi="http://www.w3.org/2001/XInclude" href="topics/async/kafka-lecture.xml"/>
  <xi:include xmlns:xi="http://www.w3.org/2001/XInclude" href="topics/async/kafka-ge.xml"/>
  <xi:include xmlns:xi="http://www.w3.org/2001/XInclude" href="topics/async/messaging-mc.xml"/>

  <section id="async-summary">
    <title>Summary</title>

    <xi:include xmlns:xi="http://www.w3.org/2001/XInclude" href="topics/async/summary-content.xml" xpointer="xpointer(/section/node()[not(self::title)])">
      <!--<xi:fallback>
          
            
            
            
          <note>
            <para>
              This section is under development.
            </para>
          </note>
      </xi:fallback>-->
    </xi:include>
  </section>
</chapter>
