<?xml version='1.0' encoding='UTF-8'?>
<!DOCTYPE chapter PUBLIC "-//OASIS//DTD DocBook XML V4.5//EN" "http://www.oasis-open.org/docbook/xml/4.5/docbookx.dtd" [
<!ENTITY % common_entities SYSTEM "../common.ent">
%common_entities;
]>
<!-- Chapters should have an id that is a short version of the title. -->
<chapter id="transaction">
  <title>Implementing Transactions</title>
  <abstract>
    <para>
      <informaltable frame="all">
        <tgroup cols="2">
          <colspec colname="c1" colnum="1" colwidth="1.0*"/>
          <colspec colname="c2" colnum="2" colwidth="2.2*"/>
          <tbody>
            <row>
              <entry>
                <emphasis role="bold">Goal</emphasis>
              </entry>
              <entry>
                Provide data integrity in route processing by implementing transactions.
              </entry>
            </row>
            <row>
              <entry>
                <emphasis role="bold">Objectives</emphasis>
              </entry>
              <entry>
                <!-- List Chapter Objectives -->
                <!-- If only one objective, remove the <itemizedlist> -->
                <itemizedlist>
                  <listitem>
                    <para>
                      Use the JDBC, JPA and SQL components in Camel to retrieve data from, or persist data into an external database.
                    </para>
                  </listitem>
                  <listitem>
                    <para>
                      Implement transaction management in Camel routes by using the Spring Transaction Manager.
                    </para>
                  </listitem>
                </itemizedlist>
              </entry>
            </row>
            <row>
              <entry>
                <emphasis role="bold">Sections</emphasis>
              </entry>
              <entry>
                <!-- Enter lecture section titles here. Do not list practice titles. Should be a 1-1 match with performance objectives. -->
                <!-- If only one section, remove the <itemizedlist> -->
                <itemizedlist>
                  <listitem>
                    <para>
                      Accessing Databases in Camel Routes (and Guided Exercise)
                    </para>
                  </listitem>
                  <listitem>
                    <para>
                      Developing Transactional Routes (and Guided Exercise)
                    </para>
                  </listitem>
                  <listitem>
                    <para>
                      Implementing Transactions (Quiz)
                    </para>
                  </listitem>
                </itemizedlist>
              </entry>
            </row>
          </tbody>
        </tgroup>
      </informaltable>
    </para>
  </abstract>
  <!-- Include section content from the topics directory. -->
  <xi:include xmlns:xi="http://www.w3.org/2001/XInclude" href="topics/transaction/database-lecture.xml"/>
  <xi:include xmlns:xi="http://www.w3.org/2001/XInclude" href="topics/transaction/database-ge.xml"/>
  <xi:include xmlns:xi="http://www.w3.org/2001/XInclude" href="topics/transaction/routes-lecture.xml"/>
  <xi:include xmlns:xi="http://www.w3.org/2001/XInclude" href="topics/transaction/routes-ge.xml"/>
  <xi:include xmlns:xi="http://www.w3.org/2001/XInclude" href="topics/transaction/implementation-mc.xml"/>

  <section id="transaction-summary">
    <title>Summary</title>

    <xi:include xmlns:xi="http://www.w3.org/2001/XInclude" href="topics/transaction/summary-content.xml" xpointer="xpointer(/section/node()[not(self::title)])">
      <!--<xi:fallback>
          
            
            
            
          <note>
            <para>
              This section is under development.
            </para>
          </note>
      </xi:fallback>-->
    </xi:include>
  </section>
</chapter>
