<?xml version='1.0' encoding='UTF-8'?>
<!DOCTYPE chapter PUBLIC "-//OASIS//DTD DocBook XML V4.5//EN" "http://www.oasis-open.org/docbook/xml/4.5/docbookx.dtd" [
<!ENTITY % common_entities SYSTEM "../common.ent">
%common_entities;
]>
<!-- Chapters should have an id that is a short version of the title. -->
<chapter id="rest">
  <title>Building and Consuming REST Services</title>
  <abstract>
    <para>
      <informaltable frame="all">
        <tgroup cols="2">
          <colspec colname="c1" colnum="1" colwidth="1.0*"/>
          <colspec colname="c2" colnum="2" colwidth="2.2*"/>
          <tbody>
            <row>
              <entry>
                <emphasis role="bold">Goal</emphasis>
              </entry>
              <entry>
                Implement and consume REST services with Camel.
              </entry>
            </row>
            <row>
              <entry>
                <emphasis role="bold">Objectives</emphasis>
              </entry>
              <entry>
                <!-- List Chapter Objectives -->
                <!-- If only one objective, remove the <itemizedlist> -->
                <itemizedlist>
                  <listitem>
                    <para>
                      Create a route that hosts a REST service by using the REST DSL, and customize a REST service to use various data bindings.
                    </para>
                  </listitem>
                  <listitem>
                    <para>
                      Develop a Camel route that uses Camel's HTTP component to enrich a message exchange.
                    </para>
                  </listitem>
                </itemizedlist>
              </entry>
            </row>
            <row>
              <entry>
                <emphasis role="bold">Sections</emphasis>
              </entry>
              <entry>
                <!-- Enter lecture section titles here. Do not list practice titles. Should be a 1-1 match with performance objectives. -->
                <!-- If only one section, remove the <itemizedlist> -->
                <itemizedlist>
                  <listitem>
                    <para>
                      Implementing REST Services with the REST DSL (and Guided Exercise)
                    </para>
                  </listitem>
                  <listitem>
                    <para>
                      Consuming HTTP Services (and Guided Exercise)
                    </para>
                  </listitem>
                  <listitem>
                    <para>
                      Building and Consuming REST Services (Quiz)
                    </para>
                  </listitem>
                </itemizedlist>
              </entry>
            </row>
          </tbody>
        </tgroup>
      </informaltable>
    </para>
  </abstract>
  <!-- Include section content from the topics directory. -->
  <xi:include xmlns:xi="http://www.w3.org/2001/XInclude" href="topics/rest/dsl-lecture.xml"/>
  <xi:include xmlns:xi="http://www.w3.org/2001/XInclude" href="topics/rest/dsl-ge.xml"/>
  <xi:include xmlns:xi="http://www.w3.org/2001/XInclude" href="topics/rest/http-lecture.xml"/>
  <xi:include xmlns:xi="http://www.w3.org/2001/XInclude" href="topics/rest/http-ge.xml"/>
  <xi:include xmlns:xi="http://www.w3.org/2001/XInclude" href="topics/rest/services-mc.xml"/>

  <section id="rest-summary">
    <title>Summary</title>

    <xi:include xmlns:xi="http://www.w3.org/2001/XInclude" href="topics/rest/summary-content.xml" xpointer="xpointer(/section/node()[not(self::title)])">
      <!--<xi:fallback>
          
            
            
            
          <note>
            <para>
              This section is under development.
            </para>
          </note>
      </xi:fallback>-->
    </xi:include>
  </section>
</chapter>
